Feature_Type,Gene,Locus_Tag,Product,Note,Gene_Functions,Translation
CDS,,REPI1,,,biosynthetic-additional (rule-based-clusters) p450,MELQYISYFQPTSSVVALLLALVSILSSVVVLRKTFLNNYSSSPASSTKTAVLSHQRQQSCALPISGLLHIFMNKNGLIHVTLGNMADKYGPIFSFPTGSHRTLVVSSWEMVKECFTGNNDTAFSNRPIPLAFKTIFYACGGIDSYGLSSVPYGKYWRELRKVCVHNLLSNQQLLKFRHLIISQVDTSFNX
CDS,,REPI2,,,biosynthetic-additional (rule-based-clusters) p450,MELQYISYFQPTSSVVALLLALVSILFSVVVLRKTFLNNYSSSPASSTKTAVLSHQRQQSCALPISGLLHVFMNKNGLIHVTLGNMADIYGTIFSFPTGSHRTLVVSSWEMVKECFSGNNDTAFSNRPIPLAFKTIFYACGGIDSYGLSSVPYGKYWRELRKVCVHNLLXYAKTLKTTRETILLLLPQLA
CDS,,SalSyn1,,,biosynthetic-additional (rule-based-clusters) p450,MAPINIQGNDFWMIACTVIIVFALVKFMFSKISFYQSANTTEWPVGPKTLPIIGNLHQLGGGMPLQVALANLAKVYGGAFTVWIGSWVPMIIISDIDNAREVLVNRSADYSARDVPDILKIITANGKNIADCDSGPFCII
CDS,,O-methyltransferase-1,,,,XXSRKKFEGLGSWYRRSTRNXWVAXVNXLLFILRXCAGSFCKDARENHVGVCCRYSXSXXAIQXLHGLXYXISNACIFARLPXYLEXRYCXEDGXHRWWYRCCYELMLLRLFLTXNVWFLICLMLLLTHRRFKVWNWLVVICLNSSLLLMLFCXRYVXILCTLHQXVYIGXVLXWVVLLMVIFFPLRVCFNXXFILHNWDDVECIXXXXXXXXXXXXXXXXXXXXXXXXXXXXXXXXXXXXXXXXXXXXXXXXXXXXXXXXXXXXXXXXXXXXXXXXXXXXXXXXXXXXXXXXXXXXXXXXXXXXXXXXXXXXXXXXXXXXXXXXXXXXXXXXXXXXXXXXXXXXXXXXXXXXXXXXXXXXXXXXXXXXXXXXXXXXXXXXXXXXXXXXXXXXXXXXXXXXXXXXXXXXXXXXXXXXXXXXXXXXXXXXXXXXXXXXXXXXXXXXXXXXXXXXXXXXXXXXXXXXXXXXXXXXXXXXXXXXXXXXXXXXXXXXXXXXXXXXXXXXXXXXXXXXXXXXXXXXXXXXXXXXXXXXXHGKVIIIEMVLEEDDQDNDALTQARLXXXXXXXXXXXXXXXXXXXXXXXXXXXXXXXXXXXXXXXXXXXXXXXXXXXXXXXXXXXXXXXXXXXXXXXXXXXXXXXXXXXXXXXXXXXXXXXXXXXXXXXXXXXXXXXXXXXXXXXXXXXXXXXXXXXXXXXXXXXXXXXXXXXXXKGRKMNGEFXWKRLVSVRLNSFLFLPFNQLLLHIH
CDS,,SalSyn2,,,biosynthetic-additional (rule-based-clusters) p450,MAPINIEGNDFWMIACTVIIVFALVKFMFSKISFYQSANTTEWPAGPKTLPIIGNLHQLGGGVPLQVALANLAKVYGGAFTIWIGSWVPMIVISDIDNAREVLVNKSAXII
CDS,,O-methyltransferase-2,,,,MDMQKLRDGRNKK
CDS,,SalAT2,,,,ESFFLSSSSQMK
CDS,,SalR2,,,,MAKTCPNTVVTKRRY
CDS,,THS2,,,,MDSILPYTSVHILGNQSSNC
CDS,,THS1,,,,MDSINSSIYFCAYFRELIIKLLMAPPGVSGLVGKLSTELDVNCDAEKYYNMYKHGEDVQKAVPHLCVDVKVISGDPTRSGCIKEWNVNIGNVQTHYCNSSIYFTCFWFSVHHYIYILTIAVIYFTLN
CDS,,SalR1,,,,MRNYNQ
CDS,,SalAT1,,,,ECFFSSSSWQMK
